Utility ID,Utility Name,Plant Code,Plant Name,State,County,Generator ID,Prime Mover,Unit Code,Nameplate Capacity (MW),Summer Capacity (MW),Winter Capacity (MW),Status,Energy Source 1,Energy Source 2,Operating Month,Operating Year,Planned Retirement Month,Planned Retirement Year
195,Alabama Power Co,3,Barry,AL,Mobile,4,ST,,403.7,362,362,OP,BIT,,12,1969, , 
195,Alabama Power Co,3,Barry,AL,Mobile,5,ST,,788.8,756.5,756.5,OP,BIT,,10,1971, , 
195,Alabama Power Co,26,E C Gaston,AL,Shelby,5,ST,,952,832,832,OP,BIT,NG,8,1974, , 
40606,City of Grand Island - (NE),59,Platte,NE,Hall,1,ST,,109.8,100,100,OP,SUB,,12,1982, , 
8245,City of Hastings - (NE),60,Whelan Energy Center,NE,Adams,1,ST,,76.3,76,76,OP,SUB,,7,1981, , 
8245,City of Hastings - (NE),60,Whelan Energy Center,NE,Adams,2,ST,,248,220,220,OP,SUB,,6,2011, , 
986,Aurora Energy LLC,79,Aurora Energy LLC Chena,AK,Fairbanks North Star,1,ST,,5,4.7,4.3,OP,SUB,,6,1952, , 
986,Aurora Energy LLC,79,Aurora Energy LLC Chena,AK,Fairbanks North Star,2,ST,,2.5,2,2,OP,SUB,,6,1952, , 
986,Aurora Energy LLC,79,Aurora Energy LLC Chena,AK,Fairbanks North Star,5,ST,,20,19,18.8,OP,SUB,,6,1975, , 
18315,Sunflower Electric Power Corp,108,Holcomb,KS,Finney,1,ST,,348.7,359.1,359.1,OP,SUB,NG,8,1983, , 
803,Arizona Public Service Co,113,Cholla,AZ,Navajo,1,ST,,113.6,116,116,OP,SUB,NG,5,1962, , 
803,Arizona Public Service Co,113,Cholla,AZ,Navajo,3,ST,,312.3,271,271,OP,SUB,DFO,5,1980, , 
17543,South Carolina Public Service Authority,130,Cross,SC,Berkeley,1,ST,,590.9,580,585,OP,BIT,,5,1995, , 
17543,South Carolina Public Service Authority,130,Cross,SC,Berkeley,2,ST,,556.2,565,570,OP,BIT,,5,1984, , 
17543,South Carolina Public Service Authority,130,Cross,SC,Berkeley,3,ST,,591,610,610,OP,BIT,,1,2007, , 
17543,South Carolina Public Service Authority,130,Cross,SC,Berkeley,4,ST,,652,615,615,OP,BIT,DFO,10,2008, , 
21554,Seminole Electric Cooperative Inc,136,Seminole (FL),FL,Putnam,1,ST,,714.6,573,639,OP,BIT,,2,1984,1,2024
21554,Seminole Electric Cooperative Inc,136,Seminole (FL),FL,Putnam,2,ST,,714.6,634,640,OP,BIT,,12,1984, , 
796,Arizona Electric Pwr Coop Inc,160,Apache Station,AZ,Cochise,ST3,ST,,204,175,175,OP,SUB,NG,9,1979, , 
7490,Grand River Dam Authority,165,GREC,OK,Mayes,2,ST,,594,492.5,492.5,OP,SUB,,10,1985, , 
54888,NRG Texas Power LLC,298,Limestone,TX,Limestone,1,ST,,893,831,831,OP,SUB,NG,12,1985,12,2029
54888,NRG Texas Power LLC,298,Limestone,TX,Limestone,2,ST,,956.8,858,858,OP,SUB,NG,12,1986,12,2029
15466,Public Service Co of Colorado,470,Comanche (CO),CO,Pueblo,2,ST,,396,335,335,OP,SUB,NG,6,1975,12,2025
15466,Public Service Co of Colorado,470,Comanche (CO),CO,Pueblo,3,ST,,856.8,750,766,OP,SUB,NG,7,2010, , 
15466,Public Service Co of Colorado,525,Hayden,CO,Routt,1,ST,,190,179,179,OP,BIT,NG,7,1965,12,2028
15466,Public Service Co of Colorado,525,Hayden,CO,Routt,2,ST,,275.4,262,262,OP,BIT,DFO,9,1976,12,2027
14610,Orlando Utilities Comm,564,Stanton Energy Center,FL,Orange,1,ST,,464.5,453,453,OP,BIT,NG,7,1987,12,2025
14610,Orlando Utilities Comm,564,Stanton Energy Center,FL,Orange,2,ST,,464.5,469,469,OP,BIT,NG,6,1996, , 
9332,Indian River Operations Inc,594,Indian River Generating Station,DE,Sussex,4,ST,,445.5,410,410,OP,BIT,DFO,10,1980,12,2026
60421,Brandon Shores LLC,602,Brandon Shores,MD,Anne Arundel,1,ST,,685.1,635,635,OP,BIT,,5,1984, , 
60421,Brandon Shores LLC,602,Brandon Shores,MD,Anne Arundel,2,ST,,685.1,638,638,OP,BIT,,5,1991, , 
6455,"Duke Energy Florida, LLC",628,Crystal River,FL,Citrus,5,ST,,739.2,698,721,OP,BIT,,10,1984, , 
6455,"Duke Energy Florida, LLC",628,Crystal River,FL,Citrus,ST4,ST,,739.2,712,721,OP,BIT,,12,1982, , 
18454,Tampa Electric Co,645,Big Bend,FL,Hillsborough,ST4,ST,,486,437,442,OP,BIT,NG,2,1985, , 
9617,JEA,667,Northside Generating Station,FL,Duval,1,ST,,297.5,293,293,OP,BIT,PC,3,1966, , 
9617,JEA,667,Northside Generating Station,FL,Duval,2,ST,,297.5,293,293,OP,BIT,PC,6,1972, , 
7140,Georgia Power Co,703,Bowen,GA,Bartow,1,ST,,805.8,714,714,OP,BIT,,10,1971, , 
7140,Georgia Power Co,703,Bowen,GA,Bartow,2,ST,,788.8,718,718,OP,BIT,,9,1972, , 
7140,Georgia Power Co,703,Bowen,GA,Bartow,3,ST,,952,883,883,OP,BIT,,12,1974, , 
7140,Georgia Power Co,703,Bowen,GA,Bartow,4,ST,,952,885,885,OP,BIT,,11,1975, , 
59918,Dynegy Kincaid Generation,876,Kincaid Generation LLC,IL,Christian,1,ST,,659.5,554,554,OP,SUB,,6,1967,12,2027
59918,Dynegy Kincaid Generation,876,Kincaid Generation LLC,IL,Christian,2,ST,,659.5,554,554,OP,SUB,,6,1968,12,2027
12384,Midwest Generations EME LLC,879,Powerton,IL,Tazewell,5,ST,,892.8,769,769,OP,SUB,NG,9,1972, , 
12384,Midwest Generations EME LLC,879,Powerton,IL,Tazewell,6,ST,,892.8,769,769,OP,SUB,NG,12,1975, , 
5517,Dynegy Midwest Generation Inc,889,Baldwin Energy Complex,IL,Randolph,1,ST,,625.1,576,590,OP,SUB,,7,1970,12,2025
5517,Dynegy Midwest Generation Inc,889,Baldwin Energy Complex,IL,Randolph,2,ST,,634.5,581,595,OP,SUB,,3,1973,12,2025
17828,City of Springfield - (IL),963,Dallman,IL,Sangamon,3,ST,,207.3,159,159,OS,BIT,,6,1978,12,2023
17828,City of Springfield - (IL),963,Dallman,IL,Sangamon,4,ST,,230.1,208.7,208.7,OP,BIT,,5,2009, , 
17632,Southern Illinois Power Coop,976,Marion,IL,Williamson,1,ST,,33,40,40,OP,BIT,,6,1963, , 
17632,Southern Illinois Power Coop,976,Marion,IL,Williamson,2,ST,,33,40,40,OP,BIT,,8,1963, , 
17632,Southern Illinois Power Coop,976,Marion,IL,Williamson,3,ST,,33,40,40,OP,BIT,,9,1963, , 
9269,Indiana-Kentucky Electric Corp,983,Clifty Creek,IN,Jefferson,1,ST,,217.3,195.5,199.7,OP,BIT,SUB,2,1955, , 
9269,Indiana-Kentucky Electric Corp,983,Clifty Creek,IN,Jefferson,2,ST,,217.3,195.5,199.7,OP,BIT,SUB,5,1955, , 
9269,Indiana-Kentucky Electric Corp,983,Clifty Creek,IN,Jefferson,3,ST,,217.3,195.5,199.7,OP,BIT,SUB,7,1955, , 
9269,Indiana-Kentucky Electric Corp,983,Clifty Creek,IN,Jefferson,4,ST,,217.3,195.5,199.7,OP,BIT,SUB,10,1955, , 
9269,Indiana-Kentucky Electric Corp,983,Clifty Creek,IN,Jefferson,5,ST,,217.3,195.5,199.7,OP,BIT,SUB,11,1955, , 
9269,Indiana-Kentucky Electric Corp,983,Clifty Creek,IN,Jefferson,6,ST,,217.3,195.5,199.7,OP,BIT,SUB,3,1956, , 
9273,Indianapolis Power & Light Co,994,AES Petersburg,IN,Pike,4,ST,,670.9,529.6,534.6,OP,BIT,,4,1986, , 
9273,Indianapolis Power & Light Co,994,AES Petersburg,IN,Pike,ST2,ST,,523.3,421.8,432.2,OP,BIT,,12,1969,6,2023
9273,Indianapolis Power & Light Co,994,AES Petersburg,IN,Pike,ST3,ST,,670.9,527.6,540.3,OP,BIT,,11,1977, , 
13756,Northern Indiana Pub Serv Co,997,Michigan City,IN,LaPorte,12,ST,,540,455,455,OP,SUB,BIT,5,1974,5,2028
15470,"Duke Energy Indiana, LLC",1001,Cayuga,IN,Vermillion,1,ST,,531,500,505,OP,BIT,,10,1970, , 
15470,"Duke Energy Indiana, LLC",1001,Cayuga,IN,Vermillion,2,ST,,531,495,500,OP,BIT,,6,1972, , 
15470,"Duke Energy Indiana, LLC",1004,Edwardsport,IN,Knox,CT1,CT,1,236.5, , ,OP,SGC,NG,6,2013, , 
15470,"Duke Energy Indiana, LLC",1004,Edwardsport,IN,Knox,CT2,CT,1,236.5, , ,OP,SGC,NG,6,2013, , 
15470,"Duke Energy Indiana, LLC",1004,Edwardsport,IN,Knox,ST,CA,1,331.5,595,618,OP,SGC,NG,6,2013, , 
17633,Southern Indiana Gas & Elec Co,1012,F B Culley,IN,Warrick,2,ST,,103.7,90,90,OP,BIT,NG,12,1966,12,2025
17633,Southern Indiana Gas & Elec Co,1012,F B Culley,IN,Warrick,3,ST,,265.2,270,270,OP,BIT,NG,6,1973, , 
59774,Crawfordsville Energy LLC,1024,Crawfordsville Power Plant,IN,Montgomery,4,ST,,11.5,10.6,10.6,OS,BIT,,1,1955,2,2023
15989,City of Richmond - (IN),1040,Whitewater Valley,IN,Wayne,1,ST,,33,34.7,34.7,OP,BIT,,3,1955, , 
15989,City of Richmond - (IN),1040,Whitewater Valley,IN,Wayne,2,ST,,60.9,65,65,OP,BIT,,8,1973, , 
9417,Interstate Power and Light Co,1047,Lansing,IA,Allamakee,4,ST,,274.5,235.3,238.3,OP,SUB,DFO,5,1977,6,2023
9417,Interstate Power and Light Co,1073,Prairie Creek,IA,Linn,1,ST,,14.6,5.3,5.3,OP,SUB,NG,4,1997, , 
9417,Interstate Power and Light Co,1073,Prairie Creek,IA,Linn,3,ST,,50,31,34.1,OP,SUB,NG,10,1958, , 
12341,MidAmerican Energy Co,1082,Walter Scott Jr Energy Center,IA,Pottawattamie,3,ST,,725.8,702,702,OP,SUB,RC,12,1978, , 
12341,MidAmerican Energy Co,1082,Walter Scott Jr Energy Center,IA,Pottawattamie,4,ST,,922.5,805.8,805.8,OP,SUB,RC,6,2007, , 
12341,MidAmerican Energy Co,1091,George Neal North,IA,Woodbury,3,ST,,584.1,503.9,503.9,OP,SUB,RC,5,1975, , 
13143,Board of Water Electric & Communications,1167,Muscatine Plant #1,IA,Muscatine,7,ST,,25,20.1,20.1,OP,SUB,NG,4,1958, , 
13143,Board of Water Electric & Communications,1167,Muscatine Plant #1,IA,Muscatine,8,ST,,75,25.1,25.1,OP,SUB,,1,1969, , 
13143,Board of Water Electric & Communications,1167,Muscatine Plant #1,IA,Muscatine,8A,ST,,18,14.5,14.5,OS,SUB,,7,2000,5,2024
13143,Board of Water Electric & Communications,1167,Muscatine Plant #1,IA,Muscatine,9,ST,,175.5,160.8,160.8,OP,SUB,RC,4,1983, , 
10000,Evergy Metro,1241,La Cygne,KS,Linn,1,ST,,873,758,758,OP,SUB,DFO,6,1973, , 
10000,Evergy Metro,1241,La Cygne,KS,Linn,2,ST,,725.9,668,668,OP,SUB,,5,1977, , 
22500,"Evergy Kansas Central, Inc",1250,Lawrence Energy Center,KS,Douglas,4,ST,,114,111.3,111.3,OP,SUB,NG,3,1960, , 
22500,"Evergy Kansas Central, Inc",1250,Lawrence Energy Center,KS,Douglas,5,ST,,403,374,374,OP,SUB,NG,5,1971, , 
10171,Kentucky Utilities Co,1355,E W Brown,KY,Mercer,3,ST,,464,412,416,OP,BIT,,7,1971, , 
10171,Kentucky Utilities Co,1356,Ghent,KY,Carroll,1,ST,,556.9,474,476,OP,BIT,,2,1974, , 
10171,Kentucky Utilities Co,1356,Ghent,KY,Carroll,2,ST,,556.3,495,477,OP,BIT,,4,1977, , 
10171,Kentucky Utilities Co,1356,Ghent,KY,Carroll,3,ST,,556.5,485,478,OP,BIT,,5,1981, , 
10171,Kentucky Utilities Co,1356,Ghent,KY,Carroll,4,ST,,556.2,465,487,OP,BIT,,8,1984, , 
11249,Louisville Gas & Electric Co,1364,Mill Creek (KY),KY,Jefferson,1,ST,,355.5,300,300,OP,BIT,,8,1972, , 
11249,Louisville Gas & Electric Co,1364,Mill Creek (KY),KY,Jefferson,2,ST,,355.5,297,297,OP,BIT,,7,1974, , 
11249,Louisville Gas & Electric Co,1364,Mill Creek (KY),KY,Jefferson,3,ST,,462.6,391,394,OP,BIT,,8,1978, , 
11249,Louisville Gas & Electric Co,1364,Mill Creek (KY),KY,Jefferson,4,ST,,543.6,477,486,OP,BIT,,9,1982, , 
18642,Tennessee Valley Authority,1379,Shawnee,KY,McCracken,1,ST,,175,134,138,OP,SUB,,4,1953,12,2033
18642,Tennessee Valley Authority,1379,Shawnee,KY,McCracken,2,ST,,175,134,138,OP,SUB,,6,1953,12,2033
18642,Tennessee Valley Authority,1379,Shawnee,KY,McCracken,3,ST,,175,134,138,OP,SUB,,10,1953, , 
18642,Tennessee Valley Authority,1379,Shawnee,KY,McCracken,4,ST,,175,134,138,OP,SUB,,1,1954,12,2033
18642,Tennessee Valley Authority,1379,Shawnee,KY,McCracken,5,ST,,175,134,138,OP,SUB,,10,1954,12,2033
18642,Tennessee Valley Authority,1379,Shawnee,KY,McCracken,6,ST,,175,134,138,OP,SUB,,11,1954,12,2033
18642,Tennessee Valley Authority,1379,Shawnee,KY,McCracken,7,ST,,175,134,138,OP,SUB,,12,1954,12,2033
18642,Tennessee Valley Authority,1379,Shawnee,KY,McCracken,8,ST,,175,134,138,OP,SUB,,3,1955,12,2033
18642,Tennessee Valley Authority,1379,Shawnee,KY,McCracken,9,ST,,175,134,138,OP,SUB,,7,1955,12,2033
5580,"East Kentucky Power Coop, Inc",1384,Cooper,KY,Pulaski,1,ST,,113.6,116,116,OP,BIT,WDS,2,1965, , 
5580,"East Kentucky Power Coop, Inc",1384,Cooper,KY,Pulaski,2,ST,,230.4,225,225,OP,BIT,,10,1969, , 
11241,Entergy Louisiana LLC,1393,R S Nelson,LA,Calcasieu,6,ST,,614.6,517.5,536.9,OP,SUB,,5,1982, , 
60422,H.A. Wagner LLC,1554,Herbert A Wagner,MD,Anne Arundel,3,ST,,359,305,305,OP,BIT,,8,1966, , 
4254,Consumers Energy Co,1702,Dan E Karn,MI,Bay,1A,ST,G381,136,127.5,127.5,OP,SUB,BIT,11,1959,5,2023
4254,Consumers Energy Co,1702,Dan E Karn,MI,Bay,1B,ST,G381,136,127.5,127.5,OP,SUB,BIT,11,1959,5,2023
4254,Consumers Energy Co,1702,Dan E Karn,MI,Bay,2A,ST,G382,136,117.1,117.1,OP,SUB,BIT,3,1961,5,2023
4254,Consumers Energy Co,1702,Dan E Karn,MI,Bay,2B,ST,G382,136,117.1,117.1,OP,SUB,BIT,3,1961,5,2023
4254,Consumers Energy Co,1710,J H Campbell,MI,Ottawa,1,ST,,265.2,260,260,OP,SUB,,10,1962,5,2025
4254,Consumers Energy Co,1710,J H Campbell,MI,Ottawa,2,ST,,378.8,355.5,359.9,OP,SUB,BIT,7,1967,5,2025
4254,Consumers Energy Co,1710,J H Campbell,MI,Ottawa,3,ST,,916.8,784.6,785.3,OP,SUB,,9,1980,5,2025
5109,DTE Electric Company,1733,Monroe (MI),MI,Monroe,1,ST,,817.2,758,758,OP,SUB,RC,6,1971,12,2032
5109,DTE Electric Company,1733,Monroe (MI),MI,Monroe,2,ST,,822.6,773,783,OP,SUB,RC,3,1973,12,2032
5109,DTE Electric Company,1733,Monroe (MI),MI,Monroe,3,ST,,822.6,773,783,OP,SUB,RC,5,1973,12,2028
5109,DTE Electric Company,1733,Monroe (MI),MI,Monroe,4,ST,,817.2,762,762,OP,SUB,BIT,5,1974,12,2028
12647,"ALLETE, Inc.",1893,Clay Boswell,MN,Itasca,3,ST,,364.5,352,352,OP,SUB,NG,5,1973, , 
12647,"ALLETE, Inc.",1893,Clay Boswell,MN,Itasca,4,ST,,558,585,585,OP,SUB,NG,5,1980, , 
13781,Northern States Power Co - Minnesota,1915,Allen S King,MN,Washington,1,ST,,598.4,511,511,OP,SUB,NG,3,1958, , 
10000,Evergy Metro,2079,Hawthorn,MO,Jackson,5,ST,,569,561.6,561.6,OP,SUB,NG,5,1969, , 
19436,Union Electric Co - (MO),2103,Labadie,MO,Franklin,1,ST,,573.7,593,616,OP,SUB,,6,1970, , 
19436,Union Electric Co - (MO),2103,Labadie,MO,Franklin,2,ST,,573.7,593,616,OP,SUB,,6,1971, , 
19436,Union Electric Co - (MO),2103,Labadie,MO,Franklin,3,ST,,621,593,616,OP,SUB,,8,1972, , 
19436,Union Electric Co - (MO),2103,Labadie,MO,Franklin,4,ST,,621,593,616,OP,SUB,,8,1973, , 
19436,Union Electric Co - (MO),2107,Sioux,MO,St Charles,1,ST,,549.7,487,497,OP,SUB,BIT,5,1967,12,2028
19436,Union Electric Co - (MO),2107,Sioux,MO,St Charles,2,ST,,549.7,487,497,OP,SUB,BIT,5,1968,12,2028
924,"Associated Electric Coop, Inc",2167,New Madrid,MO,New Madrid,1,ST,,650,575,599,OP,RC,,10,1972, , 
924,"Associated Electric Coop, Inc",2167,New Madrid,MO,New Madrid,2,ST,,650,566,586,OP,RC,,6,1977, , 
924,"Associated Electric Coop, Inc",2168,Thomas Hill,MO,Randolph,1,ST,,171.7,165,166,OP,RC,,12,1966, , 
924,"Associated Electric Coop, Inc",2168,Thomas Hill,MO,Randolph,2,ST,,272,268,276,OP,RC,,3,1969, , 
924,"Associated Electric Coop, Inc",2168,Thomas Hill,MO,Randolph,3,ST,,738,698,716,OP,RC,,5,1982, , 
6779,City of Fremont - (NE),2240,Lon Wright,NE,Dodge,6,ST,,16.5,15.5,15.5,OP,SUB,NG,8,1957, , 
6779,City of Fremont - (NE),2240,Lon Wright,NE,Dodge,7,ST,,22,21,21,OP,SUB,NG,8,1963, , 
6779,City of Fremont - (NE),2240,Lon Wright,NE,Dodge,8,ST,,91.5,82,82,OP,SUB,NG,1,1976, , 
13337,Nebraska Public Power District,2277,Sheldon,NE,Lancaster,1,ST,,108.8,104,104,OP,SUB,,1,1961, , 
13337,Nebraska Public Power District,2277,Sheldon,NE,Lancaster,2,ST,,119.9,113,113,OP,SUB,,1,1965, , 
14127,Omaha Public Power District,2291,North Omaha,NE,Douglas,4,ST,,136,117.7,101.8,OP,SUB,NG,3,1963, , 
14127,Omaha Public Power District,2291,North Omaha,NE,Douglas,5,ST,,217.6,216.2,174.9,OP,SUB,NG,5,1968, , 
62032,Granite Shore Power,2364,Merrimack,NH,Merrimack,1,ST,,113.6,108,108,OP,BIT,,12,1960, , 
62032,Granite Shore Power,2364,Merrimack,NH,Merrimack,2,ST,,345.6,330.5,330,OP,BIT,,5,1968, , 
62032,Granite Shore Power,2367,Schiller,NH,Rockingham,4,ST,,50,47.5,48,OS,BIT,RFO,10,1952, , 
62032,Granite Shore Power,2367,Schiller,NH,Rockingham,6,ST,,50,47.9,48.6,OS,BIT,RFO,7,1957, , 
803,Arizona Public Service Co,2442,Four Corners,NM,San Juan,4,ST,,818.1,770,770,OP,SUB,NG,7,1969,12,2031
803,Arizona Public Service Co,2442,Four Corners,NM,San Juan,5,ST,,818.1,770,770,OP,SUB,NG,7,1970,12,2031
3046,Duke Energy Progress - (NC),2712,Roxboro,NC,Person,1,ST,,410.8,379,380,OP,BIT,,5,1966, , 
3046,Duke Energy Progress - (NC),2712,Roxboro,NC,Person,2,ST,,657,668,673,OP,BIT,,5,1968, , 
3046,Duke Energy Progress - (NC),2712,Roxboro,NC,Person,3,ST,,745.2,694,698,OP,BIT,,7,1973, , 
3046,Duke Energy Progress - (NC),2712,Roxboro,NC,Person,4,ST,,745.2,698,711,OP,BIT,,9,1980, , 
5416,"Duke Energy Carolinas, LLC",2718,G G Allen,NC,Gaston,1,ST,,163.2,162,167,OP,BIT,,6,1957,12,2024
5416,"Duke Energy Carolinas, LLC",2718,G G Allen,NC,Gaston,5,ST,,272,259,259,OP,BIT,,7,1961,12,2024
5416,"Duke Energy Carolinas, LLC",2727,Marshall (NC),NC,Catawba,2,ST,,348.5,370,380,OP,BIT,NG,4,1966,12,2034
5416,"Duke Energy Carolinas, LLC",2727,Marshall (NC),NC,Catawba,4,ST,,711,660,660,OP,BIT,NG,5,1970, , 
1307,Basin Electric Power Coop,2817,Leland Olds,ND,Mercer,1,ST,,216,221,221,OP,LIG,,1,1966, , 
1307,Basin Electric Power Coop,2817,Leland Olds,ND,Mercer,2,ST,,440,445,445,OP,LIG,,12,1975, , 
12658,"Minnkota Power Coop, Inc",2823,Milton R Young,ND,Oliver,1,ST,,257,237,237,OP,LIG,,10,1970, , 
12658,"Minnkota Power Coop, Inc",2823,Milton R Young,ND,Oliver,2,ST,,477,447,455,OP,LIG,,4,1977, , 
61412,Cardinal Operating Company,2828,Cardinal,OH,Jefferson,1,ST,,615.2,585,595,OP,BIT,,2,1967, , 
61412,Cardinal Operating Company,2828,Cardinal,OH,Jefferson,2,ST,,615.2,585,595,OP,BIT,,7,1967, , 
61412,Cardinal Operating Company,2828,Cardinal,OH,Jefferson,3,ST,,650,620,620,OP,BIT,,9,1977,12,2028
59919,Luminant Miami Fort,2832,Miami Fort,OH,Hamilton,7,ST,,557.1,510,510,OP,BIT,,5,1975,12,2027
59919,Luminant Miami Fort,2832,Miami Fort,OH,Hamilton,8,ST,,557.7,510,510,OP,BIT,,2,1978,12,2027
64226,Energy Harbor Generation LLC,2866,W H Sammis,OH,Jefferson,5,ST,,334,290,290,OP,BIT,SUB,12,1967,6,2023
64226,Energy Harbor Generation LLC,2866,W H Sammis,OH,Jefferson,6,ST,,680,600,600,OP,BIT,SUB,4,1969,6,2023
64226,Energy Harbor Generation LLC,2866,W H Sammis,OH,Jefferson,7,ST,,680,600,600,OP,BIT,SUB,9,1971,6,2023
14015,Ohio Valley Electric Corp,2876,Kyger Creek,OH,Gallia,1,ST,,217.3,194,198.7,OP,BIT,SUB,2,1955, , 
14015,Ohio Valley Electric Corp,2876,Kyger Creek,OH,Gallia,2,ST,,217.3,192.2,198,OP,BIT,SUB,6,1955, , 
14015,Ohio Valley Electric Corp,2876,Kyger Creek,OH,Gallia,3,ST,,217.3,192.2,198,OP,BIT,SUB,9,1955, , 
14015,Ohio Valley Electric Corp,2876,Kyger Creek,OH,Gallia,4,ST,,217.3,192.2,198,OP,BIT,SUB,11,1955, , 
14015,Ohio Valley Electric Corp,2876,Kyger Creek,OH,Gallia,5,ST,,217.3,192.2,198,OP,BIT,SUB,12,1955, , 
5336,City of Dover - (OH),2914,Dover,OH,Tuscarawas,3,ST,,8,8,8,SB,BIT,,1,1954, , 
5336,City of Dover - (OH),2914,Dover,OH,Tuscarawas,4,ST,,19.5,15.2,15.2,OP,BIT,,6,1968, , 
14194,City of Orrville - (OH),2935,Orrville,OH,Wayne,10,ST,,25,23,23,OP,BIT,NG,1,1971, , 
14194,City of Orrville - (OH),2935,Orrville,OH,Wayne,7,ST,,5,5,5,OS,BIT,,1,1949, , 
14194,City of Orrville - (OH),2935,Orrville,OH,Wayne,8,ST,,7.5,7.5,7.5,OS,BIT,,1,1955, , 
14194,City of Orrville - (OH),2935,Orrville,OH,Wayne,9,ST,,22,20,20,OP,BIT,NG,1,1961, , 
14381,City of Painesville,2936,Painesville,OH,Lake,3,ST,,7.5,7,7,SB,BIT,NG,1,1953, , 
14381,City of Painesville,2936,Painesville,OH,Lake,5,ST,,16.5,15.5,15.5,OP,BIT,NG,1,1965, , 
14381,City of Painesville,2936,Painesville,OH,Lake,7,ST,,22,17.5,17.5,OP,BIT,NG,2,1990, , 
14381,City of Painesville,2936,Painesville,OH,Lake,ST2,ST,,7.5,7,7,SB,BIT,NG,1,1949, , 
14063,Oklahoma Gas & Electric Co,2952,Muskogee,OK,Muskogee,6,ST,,572,503,503,OP,SUB,NG,6,1984, , 
15474,Public Service Co of Oklahoma,2963,Northeastern,OK,Rogers,3,ST,,473,460,460,OP,SUB,NG,12,1979, , 
63047,KeyCon Operating LLC,3118,Conemaugh,PA,Indiana,1,ST,,975.5,850,850,OP,BIT,NG,5,1970, , 
63047,KeyCon Operating LLC,3118,Conemaugh,PA,Indiana,2,ST,,975.5,850,850,OP,BIT,NG,5,1971, , 
58615,NRG Homer City Services LLC,3122,Homer City Generating Station,PA,Indiana,1,ST,,660,626.1,631.2,OP,BIT,,6,1969,11,2023
58615,NRG Homer City Services LLC,3122,Homer City Generating Station,PA,Indiana,2,ST,,660,613.3,618.5,OP,BIT,,8,1969,8,2023
58615,NRG Homer City Services LLC,3122,Homer City Generating Station,PA,Indiana,3,ST,,692,648.9,665.4,OP,BIT,,11,1977,7,2023
61781,Seward Generating LLC,3130,Seward (PA),PA,Indiana,FB1,ST,,585,521,521,OP,WC,DFO,11,2004, , 
63047,KeyCon Operating LLC,3136,Keystone,PA,Armstrong,1,ST,,936,850,850,OP,BIT,DFO,8,1967, , 
63047,KeyCon Operating LLC,3136,Keystone,PA,Armstrong,2,ST,,936,850,850,OP,BIT,DFO,7,1968, , 
15534,TalenEnergy Montour LLC,3149,TalenEnergy Montour,PA,Montour,1,ST,,864.9,752,752,OP,BIT,DFO,3,1972, , 
15534,TalenEnergy Montour LLC,3149,TalenEnergy Montour,PA,Montour,2,ST,,893,752,752,OP,BIT,DFO,4,1973, , 
17539,"Dominion Energy South Carolina, Inc",3297,Wateree,SC,Richland,1,ST,,385.9,342,342,OP,BIT,,9,1970, , 
17539,"Dominion Energy South Carolina, Inc",3297,Wateree,SC,Richland,2,ST,,385.9,342,342,OP,BIT,,12,1971, , 
17554,"South Carolina Genertg Co, Inc",3298,Williams,SC,Berkeley,ST1,ST,,659.7,605,610,OP,BIT,,7,1973, , 
18642,Tennessee Valley Authority,3396,Bull Run,TN,Anderson,1,ST,,950,865,872,OP,BIT,,6,1967,12,2023
18642,Tennessee Valley Authority,3399,Cumberland (TN),TN,Stewart,1,ST,,1300,1239,1265,OP,BIT,,3,1973,12,2028
18642,Tennessee Valley Authority,3399,Cumberland (TN),TN,Stewart,2,ST,,1300,1231,1257,OP,BIT,,11,1973,12,2026
18642,Tennessee Valley Authority,3403,Gallatin (TN),TN,Sumner,1,ST,,300,225,228,OP,BIT,SUB,11,1956,12,2031
18642,Tennessee Valley Authority,3403,Gallatin (TN),TN,Sumner,2,ST,,300,225,228,OP,SUB,BIT,6,1957,12,2031
18642,Tennessee Valley Authority,3403,Gallatin (TN),TN,Sumner,3,ST,,327.6,263,266,OP,SUB,BIT,5,1959,12,2031
18642,Tennessee Valley Authority,3403,Gallatin (TN),TN,Sumner,4,ST,,327.6,263,266,OP,SUB,BIT,8,1959,12,2031
18642,Tennessee Valley Authority,3407,Kingston,TN,Roane,1,ST,,175,132,135,OP,SUB,BIT,2,1954,12,2027
18642,Tennessee Valley Authority,3407,Kingston,TN,Roane,2,ST,,175,132,135,OP,SUB,BIT,4,1954,12,2027
18642,Tennessee Valley Authority,3407,Kingston,TN,Roane,3,ST,,175,132,135,OP,SUB,BIT,6,1954,12,2027
18642,Tennessee Valley Authority,3407,Kingston,TN,Roane,4,ST,,175,132,135,OP,SUB,BIT,7,1954,12,2027
18642,Tennessee Valley Authority,3407,Kingston,TN,Roane,5,ST,,200,174,176,OP,SUB,BIT,1,1955,12,2027
18642,Tennessee Valley Authority,3407,Kingston,TN,Roane,6,ST,,200,174,176,OP,SUB,BIT,3,1955,12,2027
18642,Tennessee Valley Authority,3407,Kingston,TN,Roane,7,ST,,200,174,176,OP,SUB,BIT,5,1955,12,2026
18642,Tennessee Valley Authority,3407,Kingston,TN,Roane,8,ST,,200,174,176,OP,SUB,BIT,8,1955,12,2026
18642,Tennessee Valley Authority,3407,Kingston,TN,Roane,9,ST,,200,174,176,OP,SUB,BIT,12,1955,12,2026
54888,NRG Texas Power LLC,3470,W A Parish,TX,Fort Bend,5,ST,,734.1,664,664,OP,SUB,NG,12,1977, , 
54888,NRG Texas Power LLC,3470,W A Parish,TX,Fort Bend,6,ST,,734.1,663,663,OP,SUB,NG,12,1978, , 
54888,NRG Texas Power LLC,3470,W A Parish,TX,Fort Bend,7,ST,,614.6,577,577,OP,SUB,NG,6,1980, , 
54888,NRG Texas Power LLC,3470,W A Parish,TX,Fort Bend,8,ST,,654,610,610,OP,SUB,NG,12,1982, , 
19876,Virginia Electric & Power Co,3797,Chesterfield,VA,Chesterfield,5,ST,,359,336,342,OP,BIT,DFO,8,1964,5,2023
19876,Virginia Electric & Power Co,3797,Chesterfield,VA,Chesterfield,6,ST,,693.9,670,690,OP,BIT,DFO,12,1969,5,2023
19099,TransAlta Centralia Gen LLC,3845,Transalta Centralia Generation,WA,Lewis,2,ST,,729.9,670,670,OP,SUB,,7,1973,12,2025
733,Appalachian Power Co,3935,John E Amos,WV,Putnam,1,ST,,816.3,800,800,OP,BIT,,9,1971, , 
733,Appalachian Power Co,3935,John E Amos,WV,Putnam,2,ST,,816.3,800,800,OP,BIT,,6,1972, , 
733,Appalachian Power Co,3935,John E Amos,WV,Putnam,3,ST,,1300,1300,1299,OP,BIT,,10,1973, , 
12796,Monongahela Power Co,3943,FirstEnergy Fort Martin Power Station,WV,Monongalia,1,ST,,576,552,552,OP,BIT,DFO,10,1967, , 
12796,Monongahela Power Co,3943,FirstEnergy Fort Martin Power Station,WV,Monongalia,2,ST,,576,546,546,OP,BIT,DFO,12,1968, , 
12796,Monongahela Power Co,3944,FirstEnergy Harrison Power Station,WV,Harrison,1,ST,,684,652,662,OP,RC,NG,12,1972, , 
12796,Monongahela Power Co,3944,FirstEnergy Harrison Power Station,WV,Harrison,2,ST,,684,651,661,OP,RC,NG,12,1973, , 
12796,Monongahela Power Co,3944,FirstEnergy Harrison Power Station,WV,Harrison,3,ST,,684,651,661,OP,RC,NG,12,1974, , 
22053,Kentucky Power Co,3948,Mitchell (WV),WV,Marshall,1,ST,,816.3,770,770,OP,BIT,,5,1971, , 
22053,Kentucky Power Co,3948,Mitchell (WV),WV,Marshall,2,ST,,816.3,790,790,OP,BIT,,5,1971, , 
19876,Virginia Electric & Power Co,3954,Mt Storm,WV,Grant,1,ST,,570.2,554,569,OP,BIT,DFO,9,1965, , 
19876,Virginia Electric & Power Co,3954,Mt Storm,WV,Grant,2,ST,,570.2,555,570,OP,BIT,DFO,7,1966, , 
19876,Virginia Electric & Power Co,3954,Mt Storm,WV,Grant,3,ST,,522,520,537,OP,BIT,DFO,12,1973, , 
20847,Wisconsin Electric Power Co,4041,South Oak Creek,WI,Milwaukee,5,ST,,299.2,239.9,242.1,OP,SUB,RC,12,1959,5,2024
20847,Wisconsin Electric Power Co,4041,South Oak Creek,WI,Milwaukee,6,ST,,299.2,253,256.7,OP,SUB,RC,12,1961,5,2024
20847,Wisconsin Electric Power Co,4041,South Oak Creek,WI,Milwaukee,7,ST,,317.6,304.1,308,OP,SUB,RC,3,1965,5,2025
20847,Wisconsin Electric Power Co,4041,South Oak Creek,WI,Milwaukee,8,ST,,324,311.4,315.4,OP,SUB,RC,10,1967,5,2025
20856,Wisconsin Power & Light Co,4050,Edgewater,WI,Sheboygan,5,ST,,413.7,409.1,409.3,OP,SUB,,3,1985,6,2025
20860,Wisconsin Public Service Corp,4078,Weston,WI,Marathon,3,ST,,350.5,334.7,339.8,OP,SUB,RC,12,1981, , 
20860,Wisconsin Public Service Corp,4078,Weston,WI,Marathon,4,ST,,595,553.2,558.5,OP,SUB,RC,7,2008, , 
14354,PacifiCorp,4158,Dave Johnston,WY,Converse,1,ST,,133.6,93,99,OP,SUB,RC,2,1959,12,2027
14354,PacifiCorp,4158,Dave Johnston,WY,Converse,2,ST,,133.6,102,106,OP,SUB,RC,1,1961,12,2027
14354,PacifiCorp,4158,Dave Johnston,WY,Converse,3,ST,,255,220,220,OP,SUB,RC,12,1964,12,2027
14354,PacifiCorp,4158,Dave Johnston,WY,Converse,4,ST,,400,330,330,OP,SUB,RC,7,1972,12,2027
14354,PacifiCorp,4162,Naughton,WY,Lincoln,1,ST,,192,156,156,OP,SUB,,5,1963,12,2025
14354,PacifiCorp,4162,Naughton,WY,Lincoln,2,ST,,256,201,201,OP,SUB,,10,1968,12,2025
4716,Dairyland Power Coop,4271,John P Madgett,WI,Buffalo,1,ST,,387,389.8,392.5,OP,SUB,,11,1979, , 
195,Alabama Power Co,6002,James H Miller Jr,AL,Jefferson,1,ST,,705.5,687.8,687.8,OP,SUB,,10,1978, , 
195,Alabama Power Co,6002,James H Miller Jr,AL,Jefferson,2,ST,,705.5,692.7,692.7,OP,SUB,,5,1985, , 
195,Alabama Power Co,6002,James H Miller Jr,AL,Jefferson,3,ST,,705.5,693,693,OP,SUB,,5,1989, , 
195,Alabama Power Co,6002,James H Miller Jr,AL,Jefferson,4,ST,,705.5,704,704,OP,SUB,,3,1991, , 
64226,Energy Harbor Generation LLC,6004,Pleasants Power Station,WV,Pleasants,1,ST,,684,639,650,OP,BIT,,4,1979, , 
64226,Energy Harbor Generation LLC,6004,Pleasants Power Station,WV,Pleasants,2,ST,,684,639,650,OP,BIT,,12,1980, , 
814,Entergy Arkansas LLC,6009,White Bluff,AR,Jefferson,1,ST,,900,817.4,823.4,OP,SUB,,8,1980, , 
814,Entergy Arkansas LLC,6009,White Bluff,AR,Jefferson,2,ST,,900,820.6,826.6,OP,SUB,,8,1981, , 
520,Illinois Power Generating Co,6017,Newton,IL,Jasper,1,ST,,617.4,595,615,OP,SUB,,11,1977,12,2027
55729,Duke Energy Kentucky Inc,6018,East Bend,KY,Boone,2,ST,,772,600,600,OP,BIT,,3,1981, , 
30151,"Tri-State G & T Assn, Inc",6021,Craig (CO),CO,Moffat,1,ST,,446.4,427,427,OP,SUB,,7,1980,12,2025
30151,"Tri-State G & T Assn, Inc",6021,Craig (CO),CO,Moffat,2,ST,,446.4,410,410,OP,SUB,,11,1979,9,2028
30151,"Tri-State G & T Assn, Inc",6021,Craig (CO),CO,Moffat,3,ST,,534.8,448,448,OP,SUB,,10,1984,12,2029
65146,Rainbow Energy Center,6030,Coal Creek,ND,McLean,1,ST,,604.8,568.3,568.3,OP,RC,LIG,6,1979, , 
65146,Rainbow Energy Center,6030,Coal Creek,ND,McLean,2,ST,,604.8,573.9,573.9,OP,RC,LIG,9,1980, , 
5109,DTE Electric Company,6034,Belle River,MI,St Clair,ST1,ST,,697.5,635,635,OP,SUB,RC,8,1984,12,2028
5109,DTE Electric Company,6034,Belle River,MI,St Clair,ST2,ST,,697.5,635,635,OP,SUB,RC,7,1985,12,2028
5580,"East Kentucky Power Coop, Inc",6041,H L Spurlock,KY,Mason,1,ST,,357.6,300,300,OP,BIT,,9,1977, , 
5580,"East Kentucky Power Coop, Inc",6041,H L Spurlock,KY,Mason,2,ST,,592.1,510,510,OP,BIT,,3,1981, , 
5580,"East Kentucky Power Coop, Inc",6041,H L Spurlock,KY,Mason,3,ST,,329.4,268,268,OP,BIT,TDF,3,2005, , 
5580,"East Kentucky Power Coop, Inc",6041,H L Spurlock,KY,Mason,4,ST,,329.4,268,268,OP,BIT,TDF,4,2009, , 
11252,Louisiana Generating LLC,6055,Big Cajun 2,LA,Pointe Coupee,1,ST,,657.9,520,520,OP,SUB,NG,7,1981, , 
11252,Louisiana Generating LLC,6055,Big Cajun 2,LA,Pointe Coupee,3,ST,,619,540,540,OP,SUB,NG,4,1983, , 
9996,City of Kansas City - (KS),6064,Nearman Creek,KS,Wyandotte,1,ST,,261,243,243,OP,SUB,,6,1981, , 
10000,Evergy Metro,6065,Iatan,MO,Platte,1,ST,,726,702.5,702.5,OP,SUB,,5,1980, , 
10000,Evergy Metro,6065,Iatan,MO,Platte,2,ST,,999,897.1,897.1,OP,SUB,,8,2010, , 
22500,"Evergy Kansas Central, Inc",6068,Jeffrey Energy Center,KS,Pottawatomie,1,ST,,720,670.6,670.6,OP,SUB,,7,1978, , 
22500,"Evergy Kansas Central, Inc",6068,Jeffrey Energy Center,KS,Pottawatomie,2,ST,,720,664.1,664.1,OP,SUB,,5,1980, , 
22500,"Evergy Kansas Central, Inc",6068,Jeffrey Energy Center,KS,Pottawatomie,3,ST,,720,673.3,673.3,OP,SUB,,5,1983, , 
11249,Louisville Gas & Electric Co,6071,Trimble County,KY,Trimble,1,ST,,566.1,511,511,OP,BIT,SUB,12,1990, , 
11249,Louisville Gas & Electric Co,6071,Trimble County,KY,Trimble,2,ST,,834,732,760,OP,BIT,SUB,2,2011, , 
12686,Mississippi Power Co,6073,Victor J Daniel Jr,MS,Jackson,1,ST,,548.3,502,502,OP,SUB,BIT,9,1977,12,2027
12686,Mississippi Power Co,6073,Victor J Daniel Jr,MS,Jackson,2,ST,,548.3,502,502,OP,SUB,BIT,6,1981,12,2027
15298,Talen Montana LLC,6076,Colstrip,MT,Rosebud,3,ST,,823.7,740,740,OP,SUB,,1,1984, , 
15298,Talen Montana LLC,6076,Colstrip,MT,Rosebud,4,ST,,823.7,740,740,OP,SUB,,4,1986, , 
13337,Nebraska Public Power District,6077,Gerald Gentleman,NE,Lincoln,1,ST,,681.3,665,665,OP,SUB,,4,1979, , 
13337,Nebraska Public Power District,6077,Gerald Gentleman,NE,Lincoln,2,ST,,681.3,700,700,OP,SUB,,1,1982, , 
13756,Northern Indiana Pub Serv Co,6085,R M Schahfer,IN,Jasper,17,ST,,423.5,361,361,OP,BIT,NG,4,1983,12,2025
13756,Northern Indiana Pub Serv Co,6085,R M Schahfer,IN,Jasper,18,ST,,423.5,361,361,OP,BIT,NG,2,1986,12,2025
13781,Northern States Power Co - Minnesota,6090,Sherburne County,MN,Sherburne,1,ST,,765.3,680,680,OP,SUB,DFO,4,1976,12,2025
13781,Northern States Power Co - Minnesota,6090,Sherburne County,MN,Sherburne,2,ST,,765.3,682,682,OP,SUB,DFO,3,1977,12,2023
13781,Northern States Power Co - Minnesota,6090,Sherburne County,MN,Sherburne,3,ST,,938.7,876,876,OP,SUB,DFO,10,1987,12,2034
14063,Oklahoma Gas & Electric Co,6095,Sooner,OK,Noble,1,ST,,569,516,516,OP,SUB,DFO,11,1979, , 
14063,Oklahoma Gas & Electric Co,6095,Sooner,OK,Noble,2,ST,,569,515,515,OP,SUB,DFO,12,1980, , 
14127,Omaha Public Power District,6096,Nebraska City,NE,Otoe,1,ST,,651.6,650.3,650.3,OP,SUB,,4,1979, , 
14127,Omaha Public Power District,6096,Nebraska City,NE,Otoe,2,ST,,738,691,691,OP,SUB,,5,2009, , 
14232,Otter Tail Power Co,6098,Big Stone,SD,Grant,1,ST,,450,475,475,OP,SUB,DFO,5,1975, , 
14354,PacifiCorp,6101,Wyodak,WY,Campbell,1,ST,,402.3,332,335,OP,SUB,,9,1978,12,2039
15470,"Duke Energy Indiana, LLC",6113,Gibson,IN,Gibson,1,ST,,667.9,630,635,OP,BIT,,5,1976, , 
15470,"Duke Energy Indiana, LLC",6113,Gibson,IN,Gibson,2,ST,,667.9,630,635,OP,BIT,,4,1975, , 
15470,"Duke Energy Indiana, LLC",6113,Gibson,IN,Gibson,3,ST,,667.9,630,635,OP,BIT,,3,1978, , 
15470,"Duke Energy Indiana, LLC",6113,Gibson,IN,Gibson,4,ST,,667.9,622,627,OP,BIT,,3,1979, , 
15470,"Duke Energy Indiana, LLC",6113,Gibson,IN,Gibson,5,ST,,667.9,620,625,OP,BIT,,10,1982, , 
17633,Southern Indiana Gas & Elec Co,6137,A B Brown,IN,Posey,1,ST,,265.2,245,245,OP,BIT,NG,3,1979,10,2023
17633,Southern Indiana Gas & Elec Co,6137,A B Brown,IN,Posey,2,ST,,265.2,240,240,OP,BIT,NG,2,1986,10,2023
17698,Southwestern Electric Power Co,6138,Flint Creek,AR,Benton,1,ST,,558,494,494,OP,SUB,,5,1978, , 
17698,Southwestern Electric Power Co,6139,Welsh,TX,Titus,1,ST,,558,500,500,OP,SUB,,3,1977,1,2028
17698,Southwestern Electric Power Co,6139,Welsh,TX,Titus,3,ST,,558,500,500,OP,SUB,,3,1982,1,2028
55983,Luminant Generation Company LLC,6146,Martin Lake,TX,Rusk,1,ST,,793.2,800,815,OP,SUB,DFO,5,1977, , 
55983,Luminant Generation Company LLC,6146,Martin Lake,TX,Rusk,2,ST,,793.2,805,820,OP,SUB,DFO,5,1978, , 
55983,Luminant Generation Company LLC,6146,Martin Lake,TX,Rusk,3,ST,,793.2,805,820,OP,SUB,DFO,4,1979, , 
19436,Union Electric Co - (MO),6155,Rush Island,MO,Jefferson,1,ST,,621,589,609,OP,SUB,,3,1976,12,2025
19436,Union Electric Co - (MO),6155,Rush Island,MO,Jefferson,2,ST,,621,589,609,OP,SUB,,3,1977,12,2025
14354,PacifiCorp,6165,Hunter,UT,Emery,1,ST,,525,446,446,OP,BIT,,6,1978, , 
14354,PacifiCorp,6165,Hunter,UT,Emery,2,ST,,525,446,446,OP,BIT,,6,1980, , 
14354,PacifiCorp,6165,Hunter,UT,Emery,3,ST,,527.2,471,471,OP,BIT,,6,1983, , 
9324,Indiana Michigan Power Co,6166,Rockport,IN,Spencer,1,ST,,1300,1300,1299,OP,SUB,BIT,12,1984,12,2028
9324,Indiana Michigan Power Co,6166,Rockport,IN,Spencer,2,ST,,1300,1300,1299,OP,SUB,BIT,12,1989,12,2028
16572,Salt River Project,6177,Coronado,AZ,Apache,CO1,ST,,410.9,380,380,OP,SUB,,12,1979,12,2032
16572,Salt River Project,6177,Coronado,AZ,Apache,CO2,ST,,410.9,382,382,OP,SUB,,10,1980,12,2032
56570,Coleto Creek Power LP,6178,Coleto Creek,TX,Goliad,1,ST,,622.4,655,655,OP,SUB,RC,6,1980,12,2027
11269,Lower Colorado River Authority,6179,Fayette Power Project,TX,Fayette,1,ST,,615,590,598,OP,SUB,DFO,6,1979, , 
11269,Lower Colorado River Authority,6179,Fayette Power Project,TX,Fayette,2,ST,,615,590,598,OP,SUB,DFO,5,1980, , 
11269,Lower Colorado River Authority,6179,Fayette Power Project,TX,Fayette,3,ST,,460,435,440,OP,SUB,DFO,4,1988, , 
55983,Luminant Generation Company LLC,6180,Oak Grove (TX),TX,Robertson,OG1,ST,,916.8,855,855,OP,LIG,,4,2010, , 
55983,Luminant Generation Company LLC,6180,Oak Grove (TX),TX,Robertson,OG2,ST,,878.6,855,855,OP,LIG,,4,2011, , 
16604,City of San Antonio - (TX),6181,J T Deely,TX,Bexar,1,ST,,486,420,420,OS,SUB,,8,1977,1,2023
16604,City of San Antonio - (TX),6181,J T Deely,TX,Bexar,2,ST,,446,420,420,OS,SUB,,8,1978,1,2023
16624,"San Miguel Electric Coop, Inc",6183,San Miguel,TX,Atascosa,1,ST,,410,391,391,OP,LIG,,1,1982, , 
3265,Cleco Power LLC,6190,Brame Energy Center,LA,Rapides,2,ST,,558,496.6,493,OP,SUB,,8,1982, , 
17718,Southwestern Public Service Co,6193,Harrington,TX,Potter,1,ST,,360,339,339,OP,SUB,NG,1,1976,12,2036
17718,Southwestern Public Service Co,6193,Harrington,TX,Potter,2,ST,,360,339,339,OP,SUB,NG,1,1978,12,2038
17718,Southwestern Public Service Co,6193,Harrington,TX,Potter,3,ST,,360,340,340,OP,SUB,NG,1,1980,12,2040
17718,Southwestern Public Service Co,6194,Tolk,TX,Lamb,1,ST,,567.9,532,532,OP,SUB,NG,1,1982,12,2037
17718,Southwestern Public Service Co,6194,Tolk,TX,Lamb,2,ST,,567.9,535,535,OP,SUB,NG,1,1985,12,2037
17833,City Utilities of Springfield - (MO),6195,John Twitty Energy Center,MO,Greene,ST1,ST,,194,184,184,OP,SUB,NG,6,1976, , 
17833,City Utilities of Springfield - (MO),6195,John Twitty Energy Center,MO,Greene,ST2,ST,,300,275,275,OP,SUB,NG,1,2011, , 
1307,Basin Electric Power Coop,6204,Laramie River Station,WY,Platte,1,ST,,621,560,560,OP,SUB,,9,1981, , 
1307,Basin Electric Power Coop,6204,Laramie River Station,WY,Platte,2,ST,,621,570,570,OP,SUB,,7,1981, , 
1307,Basin Electric Power Coop,6204,Laramie River Station,WY,Platte,3,ST,,621,570,570,OP,SUB,,11,1982, , 
65239,"Hallador Power Company, LLC",6213,Merom,IN,Sullivan,1,ST,,540,488,495,OP,BIT,DFO,9,1983, , 
65239,"Hallador Power Company, LLC",6213,Merom,IN,Sullivan,2,ST,,540,489,494,OP,BIT,DFO,2,1982, , 
15466,Public Service Co of Colorado,6248,Pawnee,CO,Morgan,1,ST,,552.3,505,505,OP,SUB,NG,11,1981, , 
17543,South Carolina Public Service Authority,6249,Winyah,SC,Georgetown,1,ST,,315,275,280,OP,BIT,,3,1975,12,2028
17543,South Carolina Public Service Authority,6249,Winyah,SC,Georgetown,2,ST,,315,285,290,OP,BIT,,7,1977,12,2028
17543,South Carolina Public Service Authority,6249,Winyah,SC,Georgetown,3,ST,,315,285,290,OP,BIT,,5,1980,12,2028
17543,South Carolina Public Service Authority,6249,Winyah,SC,Georgetown,4,ST,,315,285,290,OP,BIT,,11,1981,12,2028
3046,Duke Energy Progress - (NC),6250,Mayo,NC,Person,1,ST,,763.2,704,713,OP,BIT,,3,1983, , 
9417,Interstate Power and Light Co,6254,Ottumwa,IA,Wapello,1,ST,,725.9,729.3,740.7,OP,SUB,,5,1981, , 
7140,Georgia Power Co,6257,Scherer,GA,Monroe,1,ST,,891,860,860,OP,SUB,,3,1982, , 
7140,Georgia Power Co,6257,Scherer,GA,Monroe,2,ST,,891,860,860,OP,SUB,,2,1984, , 
7140,Georgia Power Co,6257,Scherer,GA,Monroe,3,ST,,891,860,860,OP,SUB,,1,1987, , 
733,Appalachian Power Co,6264,Mountaineer,WV,Mason,1,ST,,1300,1299,1299,OP,BIT,,9,1980, , 
7353,Golden Valley Elec Assn Inc,6288,Healy,AK,Denali,1,ST,,28,25,25,OP,LIG,WC,11,1967, , 
7353,Golden Valley Elec Assn Inc,6288,Healy,AK,Denali,2,ST,,62,50,50,OP,LIG,WC,1,1998, , 
1307,Basin Electric Power Coop,6469,Antelope Valley,ND,Mercer,1,ST,,477,450,450,OP,LIG,,7,1984, , 
1307,Basin Electric Power Coop,6469,Antelope Valley,ND,Mercer,2,ST,,477,450,450,OP,LIG,,7,1986, , 
11208,Los Angeles Department of Water & Power,6481,Intermountain Power Project,UT,Millard,1,ST,,820,900,900,OP,BIT,SUB,6,1986,7,2025
11208,Los Angeles Department of Water & Power,6481,Intermountain Power Project,UT,Millard,2,ST,,820,900,900,OP,BIT,SUB,5,1987,7,2025
1692,Big Rivers Electric Corp,6639,R D Green,KY,Webster,1,ST,,293,231,231,OP,BIT,NG,12,1979, , 
814,Entergy Arkansas LLC,6641,Independence Steam Electric Station,AR,Independence,1,ST,,900,820.9,836,OP,SUB,,1,1983, , 
814,Entergy Arkansas LLC,6641,Independence Steam Electric Station,AR,Independence,2,ST,,900,825.8,842,OP,SUB,,12,1984, , 
12341,MidAmerican Energy Co,6664,Louisa,IA,Louisa,1,ST,,811.9,746.9,746.9,OP,SUB,RC,10,1983, , 
261,AGC Division of APGI Inc,6705,Warrick,IN,Warrick,1,ST,,166.6,154.9,157.9,OP,BIT,NG,4,1960, , 
261,AGC Division of APGI Inc,6705,Warrick,IN,Warrick,2,ST,,166.6,153.5,125.7,OP,BIT,NG,1,1964, , 
261,AGC Division of APGI Inc,6705,Warrick,IN,Warrick,3,ST,,166.6,149.8,153.1,OP,BIT,NG,10,1965, , 
261,AGC Division of APGI Inc,6705,Warrick,IN,Warrick,4,ST,,323,301,309.9,OP,BIT,NG,10,1970, , 
15143,Platte River Power Authority,6761,Rawhide,CO,Larimer,1,ST,,293.6,280,280,OP,SUB,,4,1984,12,2029
17177,City of Sikeston - (MO),6768,Sikeston Power Station,MO,Scott,1,ST,,261,240,240,OP,SUB,,9,1981, , 
20447,"Western Farmers Elec Coop, Inc",6772,Hugo,OK,Choctaw,1,ST,,446,440,440,OP,SUB,,4,1982, , 
1692,Big Rivers Electric Corp,6823,D B Wilson,KY,Ohio,1,ST,,509.4,417,417,OP,BIT,DFO,9,1984, , 
56598,"Major Oak Power, LLC",7030,Major Oak Power,TX,Robertson,1,ST,,174.6,152,153,OP,LIG,NG,9,1990, , 
56598,"Major Oak Power, LLC",7030,Major Oak Power,TX,Robertson,2,ST,,174.6,153,154,OP,LIG,NG,10,1991, , 
16604,City of San Antonio - (TX),7097,J K Spruce,TX,Bexar,1,ST,,566,560,560,OP,SUB,,12,1992,12,2028
16604,City of San Antonio - (TX),7097,J K Spruce,TX,Bexar,2,ST,,922.5,785,785,OP,SUB,,5,2010, , 
19876,Virginia Electric & Power Co,7213,Clover,VA,Halifax,1,ST,,424,440,443,OP,BIT,,10,1995, , 
19876,Virginia Electric & Power Co,7213,Clover,VA,Halifax,2,ST,,424,437,438,OP,BIT,,3,1996, , 
12341,MidAmerican Energy Co,7343,George Neal South,IA,Woodbury,4,ST,,695.9,640.6,640.6,OP,SUB,RC,7,1979, , 
19545,"Black Hills Power, Inc.",7504,Neil Simpson II,WY,Campbell,2,ST,,90,80,80,OP,SUB,,9,1995, , 
40230,Deseret Generation & Tran Coop,7790,Bonanza,UT,Uintah,1,ST,,499.5,458,458,OP,BIT,,5,1986, , 
17698,Southwestern Electric Power Co,7902,Pirkey,TX,Harrison,1,ST,,721,650,650,OP,LIG,,1,1985,3,2023
20856,Wisconsin Power & Light Co,8023,Columbia (WI),WI,Columbia,1,ST,,556,579.3,582.3,OP,RC,DFO,5,1975,6,2026
20856,Wisconsin Power & Light Co,8023,Columbia (WI),WI,Columbia,2,ST,,556,568.8,578.8,OP,SUB,DFO,5,1978,6,2026
14354,PacifiCorp,8066,Jim Bridger,WY,Sweetwater,1,ST,,608.3,531,531,OP,SUB,,11,1974,12,2037
14354,PacifiCorp,8066,Jim Bridger,WY,Sweetwater,2,ST,,617,539,539,OP,SUB,,12,1975,12,2037
14354,PacifiCorp,8066,Jim Bridger,WY,Sweetwater,3,ST,,608.3,523,523,OP,SUB,,9,1976,12,2037
14354,PacifiCorp,8066,Jim Bridger,WY,Sweetwater,4,ST,,608.3,526,526,OP,SUB,,11,1979,12,2037
14354,PacifiCorp,8069,Huntington,UT,Emery,1,ST,,541.3,459,459,OP,BIT,,6,1977,12,2036
14354,PacifiCorp,8069,Huntington,UT,Emery,2,ST,,496,450,450,OP,BIT,,7,1974,12,2036
61135,"Gavin Power, LLC",8102,"Gavin Power, LLC",OH,Gallia,1,ST,,1300,1348,1348,OP,BIT,,10,1974, , 
61135,"Gavin Power, LLC",8102,"Gavin Power, LLC",OH,Gallia,2,ST,,1300,1361,1361,OP,BIT,,7,1975, , 
3989,City of Colorado Springs - (CO),8219,Ray D Nixon,CO,El Paso,1,ST,,207,208,208,OP,SUB,,4,1980,12,2029
14232,Otter Tail Power Co,8222,Coyote,ND,Mercer,1,ST,,450,427,427,OP,LIG,,5,1981, , 
24211,Tucson Electric Power Co,8223,Springerville,AZ,Apache,1,ST,,424.8,381,381,OP,SUB,,6,1985,12,2027
24211,Tucson Electric Power Co,8223,Springerville,AZ,Apache,2,ST,,424.8,406,406,OP,SUB,,6,1990,12,2032
24211,Tucson Electric Power Co,8223,Springerville,AZ,Apache,3,ST,,458.1,417,417,OP,SUB,,7,2006, , 
24211,Tucson Electric Power Co,8223,Springerville,AZ,Apache,4,ST,,458.1,415,415,OP,SUB,,12,2009, , 
17166,Sierra Pacific Power Co,8224,North Valmy,NV,Humboldt,1,ST,,277.2,254,254,OP,BIT,SUB,12,1981,12,2025
17166,Sierra Pacific Power Co,8224,North Valmy,NV,Humboldt,2,ST,,289.8,268,268,OP,BIT,SUB,5,1985,12,2025
12647,"ALLETE, Inc.",10075,Taconite Harbor Energy Center,MN,Cook,GEN1,ST,,84,79,79,SB,SUB,DFO,1,1957,3,2023
12647,"ALLETE, Inc.",10075,Taconite Harbor Energy Center,MN,Cook,GEN2,ST,,84,75.9,75.9,SB,SUB,DFO,1,1957,3,2023
7199,Gilberton Power Co,10113,John B Rich Memorial Power Station,PA,Schuylkill,GEN1,ST,,88.4,80,80,OP,WC,DFO,2,1988, , 
9379,"Inter-Power/AhlCon Partners, L.P.",10143,Colver Green Energy,PA,Cambria,COLV,ST,,118,110,110,OP,WC,PG,2,1995, , 
563,American Bituminous Power LP,10151,Grant Town Power Plant,WV,Marion,GEN1,ST,,95.7,80,80,OP,WC,NG,7,1992, , 
61813,"ND Paper, Inc.",10234,Biron Mill,WI,Wood,GEN1,ST,,17,15.3,15.3,OP,BIT,SUB,9,1964, , 
61813,"ND Paper, Inc.",10234,Biron Mill,WI,Wood,GEN5,ST,,21.5,20,20,OP,SUB,WDS,2,1987, , 
49889,Mount Carmel Cogen Inc,10343,Foster Wheeler Mt Carmel Cogen,PA,Northumberland,TG1,ST,,47.3,43,40,OP,WC,NG,1,1990, , 
5670,Ebensburg Power Co,10603,Ebensburg Power,PA,Cambria,GEN1,ST,,57.6,50,50,OP,WC,,11,1990, , 
14063,Oklahoma Gas & Electric Co,10671,River Valley,OK,Le Flore,GEN1,ST,,175,161,161,OP,SUB,NG,9,1990, , 
14063,Oklahoma Gas & Electric Co,10671,River Valley,OK,Le Flore,GEN2,ST,,175,157,157,OP,SUB,NG,11,1990, , 
35,AES WR Ltd Partnership,10678,AES Warrior Run Cogeneration Facility,MD,Allegany,GEN1,ST,,229,180,180,OP,BIT,,8,1999, , 
49968,Searles Valley Minerals Operations Inc.,10684,Argus Cogen Plant,CA,San Bernardino,TG5,ST,,7.5,7,7,SB,BIT,NG,12,1947, , 
49968,Searles Valley Minerals Operations Inc.,10684,Argus Cogen Plant,CA,San Bernardino,TG8,ST,,27.5,25,25,OP,BIT,NG,7,1978, , 
49968,Searles Valley Minerals Operations Inc.,10684,Argus Cogen Plant,CA,San Bernardino,TG9,ST,,27.5,25,25,OP,BIT,NG,7,1978, , 
12949,Morgantown Energy Associates,10743,Morgantown Energy Facility,WV,Monongalia,GEN1,ST,,68.9,50,50,OS,WC,,11,1991, , 
4217,Colstrip Energy LP,10784,Colstrip Energy LP,MT,Rosebud,GEN1,ST,,46.1,38,40.5,OP,WC,,2,1990, , 
3807,Cleveland Cliffs Inc,10849,Silver Bay Power,MN,Lake,GEN1,ST,,50,36,36,OS,SUB,NG,10,1955, , 
3807,Cleveland Cliffs Inc,10849,Silver Bay Power,MN,Lake,GEN2,ST,,81.6,69,69,OS,SUB,NG,1,1962, , 
772,Archer Daniels Midland Co,10860,Archer Daniels Midland Clinton,IA,Clinton,1A,ST,,75,75,75,OP,SUB,OBS,2,2009, , 
772,Archer Daniels Midland Co,10860,Archer Daniels Midland Clinton,IA,Clinton,2A,ST,,105,105,105,OP,SUB,OBS,4,2009, , 
772,Archer Daniels Midland Co,10861,Archer Daniels Midland Des Moines,IA,Polk,GEN1,ST,,7.9,7.9,7.9,OP,SUB,,5,1988, , 
772,Archer Daniels Midland Co,10862,Archer Daniels Midland Lincoln,NE,Lancaster,GEN1,ST,,7.9,7.9,7.9,OP,SUB,,7,1988, , 
772,Archer Daniels Midland Co,10863,Archer Daniels Midland Mankato,MN,Blue Earth,GEN1,ST,,6.1,6.2,6.2,OP,SUB,,10,1987, , 
772,Archer Daniels Midland Co,10864,Archer Daniels Midland Cedar Rapids,IA,Linn,GEN1,ST,,31,31,31,OP,SUB,BIT,11,1988, , 
772,Archer Daniels Midland Co,10864,Archer Daniels Midland Cedar Rapids,IA,Linn,GEN2,ST,,31,31,31,OP,SUB,BIT,11,1988, , 
772,Archer Daniels Midland Co,10864,Archer Daniels Midland Cedar Rapids,IA,Linn,GEN3,ST,,31,31,31,OP,SUB,BIT,11,1988, , 
772,Archer Daniels Midland Co,10864,Archer Daniels Midland Cedar Rapids,IA,Linn,GEN4,ST,,31,31,31,OP,SUB,BIT,11,1988, , 
772,Archer Daniels Midland Co,10864,Archer Daniels Midland Cedar Rapids,IA,Linn,GEN5,ST,,31,31,31,OP,SUB,BIT,2,1995, , 
772,Archer Daniels Midland Co,10864,Archer Daniels Midland Cedar Rapids,IA,Linn,GEN6,ST,,101.1,105,105,OP,SUB,BIT,11,2000, , 
772,Archer Daniels Midland Co,10865,Archer Daniels Midland Decatur,IL,Macon,GEN2,ST,,31,31,31,OP,BIT,SUB,4,1987, , 
772,Archer Daniels Midland Co,10865,Archer Daniels Midland Decatur,IL,Macon,GEN3,ST,,31,31,31,OP,BIT,SUB,4,1987, , 
772,Archer Daniels Midland Co,10865,Archer Daniels Midland Decatur,IL,Macon,GEN4,ST,,31,31,31,OP,BIT,SUB,5,1987, , 
772,Archer Daniels Midland Co,10865,Archer Daniels Midland Decatur,IL,Macon,GEN5,ST,,31,31,31,OP,BIT,SUB,12,1987, , 
772,Archer Daniels Midland Co,10865,Archer Daniels Midland Decatur,IL,Macon,GEN6,ST,,31,31,31,OP,BIT,SUB,9,1994, , 
772,Archer Daniels Midland Co,10865,Archer Daniels Midland Decatur,IL,Macon,GEN7,ST,,75,75,75,OP,BIT,SUB,4,1997, , 
772,Archer Daniels Midland Co,10865,Archer Daniels Midland Decatur,IL,Macon,GEN8,ST,,105,105,105,OP,BIT,SUB,4,2005, , 
56389,Doyon Utilities - Ft. Wainwright,50308,Utility Plants Section,AK,Fairbanks North Star,GEN1,ST,F401,5,3.5,4.3,OP,SUB,,1,1955, , 
56389,Doyon Utilities - Ft. Wainwright,50308,Utility Plants Section,AK,Fairbanks North Star,GEN3,ST,F401,5,6.2,6.2,OP,SUB,,1,1955, , 
56389,Doyon Utilities - Ft. Wainwright,50308,Utility Plants Section,AK,Fairbanks North Star,GEN4,ST,F401,5,6.2,6.2,OP,SUB,,1,1955, , 
56389,Doyon Utilities - Ft. Wainwright,50308,Utility Plants Section,AK,Fairbanks North Star,GEN5,ST,F401,5,6.2,6.2,OP,SUB,,1,1989, , 
22199,U S Air Force-Eielson AFB,50392,Eielson AFB Central Heat & Power Plant,AK,Fairbanks North Star,TG3,ST,,5,5,5,OP,SUB,,8,1955, , 
22199,U S Air Force-Eielson AFB,50392,Eielson AFB Central Heat & Power Plant,AK,Fairbanks North Star,TG4,ST,,5,5,5,OP,SUB,,6,1969, , 
22199,U S Air Force-Eielson AFB,50392,Eielson AFB Central Heat & Power Plant,AK,Fairbanks North Star,TG5,ST,,10,9,9.5,OP,SUB,,10,1987, , 
61988,Pixelle Specialty Solutions LLC - (PA),50397,Pixelle Specialty Solutions LLC - Spring Grove Facility,PA,York,GEN5,ST,,45.9,36.1,36.1,OP,BIT,WDS,5,1989, , 
5610,Eastman Chemical Co-TN Ops,50481,Tennessee Eastman Operations,TN,Sullivan,TG10,ST,,6,6,6,OP,BIT,NG,2,1946, , 
5610,Eastman Chemical Co-TN Ops,50481,Tennessee Eastman Operations,TN,Sullivan,TG11,ST,,6,6,6,OP,BIT,NG,5,1949, , 
5610,Eastman Chemical Co-TN Ops,50481,Tennessee Eastman Operations,TN,Sullivan,TG12,ST,,6,6,6,OP,BIT,NG,2,1953, , 
5610,Eastman Chemical Co-TN Ops,50481,Tennessee Eastman Operations,TN,Sullivan,TG13,ST,,7,7,7,OP,BIT,SLW,1,1960, , 
5610,Eastman Chemical Co-TN Ops,50481,Tennessee Eastman Operations,TN,Sullivan,TG14,ST,,10,10,10,OP,BIT,NG,4,1962, , 
5610,Eastman Chemical Co-TN Ops,50481,Tennessee Eastman Operations,TN,Sullivan,TG15,ST,,7.5,7.5,7.5,OP,BIT,SLW,10,1963, , 
5610,Eastman Chemical Co-TN Ops,50481,Tennessee Eastman Operations,TN,Sullivan,TG22,ST,,15.4,15.4,15.4,OP,BIT,NG,9,1982, , 
5610,Eastman Chemical Co-TN Ops,50481,Tennessee Eastman Operations,TN,Sullivan,TG25,ST,,18,18,18,OP,BIT,NG,12,1994, , 
5610,Eastman Chemical Co-TN Ops,50481,Tennessee Eastman Operations,TN,Sullivan,TG26,ST,,16.6,16.6,16.6,OP,BIT,NG,10,1994, , 
5610,Eastman Chemical Co-TN Ops,50481,Tennessee Eastman Operations,TN,Sullivan,TGO7,ST,,6,6,6,OP,BIT,NG,9,1936, , 
5610,Eastman Chemical Co-TN Ops,50481,Tennessee Eastman Operations,TN,Sullivan,TGO8,ST,,6,6,6,OP,BIT,NG,9,1939, , 
5610,Eastman Chemical Co-TN Ops,50481,Tennessee Eastman Operations,TN,Sullivan,TGO9,ST,,6,6,6,OP,BIT,NG,7,1941, , 
58224,"Rausch Creek Generation, LLC",50611,Westwood Generation LLC,PA,Schuylkill,GEN1,ST,,36,30,30,OP,WC,,6,1987, , 
19511,University of Alaska,50711,University of Alaska Fairbanks,AK,Fairbanks North Star,GEN1,ST,,1.5,0.5,1.4,OS,SUB,DFO,1,1964, , 
19511,University of Alaska,50711,University of Alaska Fairbanks,AK,Fairbanks North Star,GEN2,ST,,1.5,0.5,1.4,OS,SUB,DFO,1,1964, , 
19511,University of Alaska,50711,University of Alaska Fairbanks,AK,Fairbanks North Star,GEN3,ST,,10,8.1,10,OS,SUB,DFO,4,1981, , 
19511,University of Alaska,50711,University of Alaska Fairbanks,AK,Fairbanks North Star,GEN5,ST,,17,17,17,OP,SUB,DFO,2,2020, , 
14432,"Panther Creek Power Operating, LLC",50776,Panther Creek Energy Facility,PA,Carbon,GEN1,ST,,94,80,80,OP,WC,,7,1992, , 
18414,TES Filer City Station LP,50835,TES Filer City Station,MI,Manistee,GEN1,ST,,70,60,60,OP,BIT,NG,5,1990,6,2025
23013,"EIF Northampton GP, LLC",50888,Northampton Generating Company LP,PA,Northampton,GEN1,ST,,134.1,112,112,OP,WC,TDF,8,1995, , 
20508,WestRock Corp,50900,Covington Facility,VA,Alleghany,GEN3,ST,,10.5,10.5,10.5,OP,BIT,NG,1,1951, , 
20508,WestRock Corp,50900,Covington Facility,VA,Alleghany,GEN5,ST,,34,32.5,32.5,OP,BIT,WDS,9,1989, , 
61707,Ahlstrom-Munksjo,50933,Rhinelander Mill,WI,Oneida,GEN6,ST,,9.3,6.3,8.5,OP,BIT,,7,1958, , 
21734,Sunnyside Cogeneration Assoc,50951,Sunnyside Cogen Associates,UT,Carbon,GEN1,ST,,58.1,51,51,OP,WC,,2,1993, , 
16814,Scrubgrass Reclamation CO. LP.,50974,Scrubgrass Reclamation CO. LP.,PA,Venango,GEN1,ST,,94.7,82.8,85.2,OP,WC,BIT,6,1993, , 
54738,Thilmany LLC,54098,Kaukauna Paper Mill,WI,Outagamie,GEN4,ST,,12,12,12,OP,BIT,NG,1,1967, , 
491,American Crystal Sugar Co,54210,American Crystal Sugar Hillsboro,ND,Traill,G1,ST,,13.3,13.3,13.3,OP,SUB,,9,1990, , 
491,American Crystal Sugar Co,54211,American Crystal Sugar Moorhead,MN,Clay,G1,ST,,3,3,3,OP,SUB,,9,1948, , 
491,American Crystal Sugar Co,54211,American Crystal Sugar Moorhead,MN,Clay,G2,ST,,2,2,2,OP,SUB,,9,1961, , 
491,American Crystal Sugar Co,54212,American Crystal Sugar Crookston,MN,Polk,G1,ST,,3.5,3.5,3.5,OP,SUB,,9,1954, , 
491,American Crystal Sugar Co,54212,American Crystal Sugar Crookston,MN,Polk,G2,ST,,3,3,3,OP,SUB,,9,1975, , 
491,American Crystal Sugar Co,54213,American Crystal Sugar Drayton,ND,Pembina,G1,ST,,6,6,6,OP,SUB,,9,1965, , 
491,American Crystal Sugar Co,54214,American Crystal Sugar East Grand Forks,MN,Polk,G1,ST,,2.5,2.5,2.5,OP,SUB,,9,1990, , 
491,American Crystal Sugar Co,54214,American Crystal Sugar East Grand Forks,MN,Polk,G2,ST,,5,5,5,OP,SUB,,9,1990, , 
7067,Tata Chemicals Partners,54318,General Chemical,WY,Sweetwater,TG1,ST,,15,15,15,OP,BIT,NG,5,1968, , 
7067,Tata Chemicals Partners,54318,General Chemical,WY,Sweetwater,TG2,ST,,15,15,15,OP,BIT,NG,1,1977, , 
17604,Southern Minnesota Beet Sugar,54533,Southern Minnesota Beet Sugar,MN,Renville,0001,ST,,7.5,7.5,7.5,OP,SUB,NG,9,1976, , 
16793,Schuylkill Energy Resource Inc,54634,St Nicholas Cogen Project,PA,Schuylkill,SNCP,ST,,99.2,86,86,OP,WC,,9,1990, , 
50021,Neenah Paper Michigan Inc.,54867,Neenah Paper Munising Mill,MI,Alger,M387,ST,,6.2,5.8,5.8,SB,BIT,NG,1,1930, , 
3593,"Choctaw Generation L.P, L.L.L.P.",55076,Red Hills Generating Facility,MS,Choctaw,RHGF,ST,,513.7,440,440,OP,LIG,,4,2001, , 
19545,"Black Hills Power, Inc.",55479,Wygen 1,WY,Campbell,0001,ST,,90,85,86,OP,SUB,,1,2003, , 
16233,Heorot Power Management,55749,Hardin Generator Project,MT,Big Horn,UNT1,ST,,115.7,107,107,OP,SUB,NG,3,2006, , 
15330,Prairie State Generating Co LLC,55856,Prairie State Generating Station,IL,St Clair,PC1,ST,,883,815,815,OP,BIT,,6,2012, , 
15330,Prairie State Generating Co LLC,55856,Prairie State Generating Station,IL,St Clair,PC2,ST,,883,815,815,OP,BIT,,11,2012, , 
20847,Wisconsin Electric Power Co,56068,Elm Road Generating Station,WI,Milwaukee,1,ST,,701.3,635.9,637.3,OP,SUB,BIT,2,2010, , 
20847,Wisconsin Electric Power Co,56068,Elm Road Generating Station,WI,Milwaukee,2,ST,,701.3,634.9,638.1,OP,SUB,RC,1,2011, , 
49896,"Nevada Gold Energy, LLC",56224,TS Power Plant,NV,Eureka,001,ST,,242,218.4,219.2,OP,SUB,,6,2008, , 
19545,"Black Hills Power, Inc.",56319,Wygen 2,WY,Campbell,0001,ST,,95,90,91,OP,SUB,,1,2008, , 
58905,NRG Energy Services - Plum Point,56456,Plum Point Energy Station,AR,Mississippi,STG1,ST,,720,680,680,OP,SUB,,9,2010, , 
17698,Southwestern Electric Power Co,56564,John W Turk Jr Power Plant,AR,Hempstead,1,ST,,609,650,650,OP,SUB,,12,2012, , 
19545,"Black Hills Power, Inc.",56596,Wygen III,WY,Campbell,5,ST,,116,100,103,OP,SUB,,4,2010, , 
1307,Basin Electric Power Coop,56609,Dry Fork Station,WY,Campbell,01,ST,,483.7,390,405,OP,SUB,,11,2011, , 
55861,Sandy Creek Energy Associates LP,56611,Sandy Creek Energy Station,TX,McLennan,S01,ST,,1008,932.6,932.6,OP,SUB,,5,2013, , 
55924,"Longview Power, LLC",56671,Longview Power Plant,WV,Monongalia,MKA01,ST,,807.5,710,710,OP,BIT,,12,2011, , 
7570,Great River Energy,56786,Spiritwood Station,ND,Stutsman,1,ST,,106.2,92.9,92.9,OP,RC,NG,11,2014, , 
19876,Virginia Electric & Power Co,56808,Virginia City Hybrid Energy Center,VA,Wise,1,ST,,668,610,624,OP,BIT,WDS,7,2012, , 
772,Archer Daniels Midland Co,57046,Archer Daniels Midland Columbus,NE,Platte,GEN1,ST,,71.4,61,61,OP,SUB,BIT,5,2010, , 
57296,Sidney Sugars Incorporated,57914,Sidney MT Plant,MT,Richland,1,ST,,2,2,2,OP,LIG,NG,9,1950, , 
57296,Sidney Sugars Incorporated,57914,Sidney MT Plant,MT,Richland,2,ST,,2,2,2,OP,LIG,NG,9,1950, , 
61167,"Genesis Alkali, LLC",57915,Genesis Alkali,WY,Sweetwater,1,ST,,3.5,3.5,3.5,OP,SUB,NG,6,1953, , 
61167,"Genesis Alkali, LLC",57915,Genesis Alkali,WY,Sweetwater,2,ST,,3.5,3.5,3.5,OP,SUB,NG,6,1953, , 
61167,"Genesis Alkali, LLC",57915,Genesis Alkali,WY,Sweetwater,3,ST,,4,4,4,OP,SUB,NG,6,1964, , 
61167,"Genesis Alkali, LLC",57915,Genesis Alkali,WY,Sweetwater,4,ST,,10,10,10,OP,SUB,NG,6,1972, , 
61167,"Genesis Alkali, LLC",57915,Genesis Alkali,WY,Sweetwater,5,ST,,10,10,10,OP,SUB,NG,6,1975, , 
61167,"Genesis Alkali, LLC",57915,Genesis Alkali,WY,Sweetwater,6,ST,,10,10,10,OA,SUB,NG,6,1975, , 
57306,Southern Illinois University Carbondale,57928,SIUC,IL,Jackson,GEN5,ST,,3.5,2.8,2.8,OP,BIT,,6,1998, , 
57315,Western Sugar Cooperative,57937,Western Sugar Coop - Scottsbluff,NE,Scotts Bluff,SCBF,ST,,5,5,5,OS,SUB,,9,1987, , 
57324,Michigan Sugar Company,57949,MSC Sebewaing,MI,Huron,1,ST,,1.5, ,1.4,OP,BIT,NG,10,1990, , 
57324,Michigan Sugar Company,57949,MSC Sebewaing,MI,Huron,2,ST,,1, ,0.9,OS,BIT,NG,10,1979, , 
61819,Western Sugar Cooperative - Billings,62319,Western Sugar Cooperative - Billings,MT,Yellowstone,1,ST,,1.5,1.5,1.5,OP,SUB,NG,3,2011, , 